"FolderPath","IdentityReference","FileSystemRights","AccessControlType","IsInherited","InheritanceFlags","PropagationFlags"
"C:\Temp\DattoRMM","BUILTIN\Administrators","FullControl","Allow","True","ContainerInherit, ObjectInherit","None"
"C:\Temp\DattoRMM","NT AUTHORITY\SYSTEM","FullControl","Allow","True","ContainerInherit, ObjectInherit","None"
"C:\Temp\DattoRMM","BUILTIN\Users","ReadAndExecute, Synchronize","Allow","True","ContainerInherit, ObjectInherit","None"
"C:\Temp\DattoRMM","NT AUTHORITY\Authenticated Users","Modify, Synchronize","Allow","True","None","None"
"C:\Temp\DattoRMM","NT AUTHORITY\Authenticated Users","-536805376","Allow","True","ContainerInherit, ObjectInherit","InheritOnly"
"C:\Temp\RAMMap","BUILTIN\Administrators","FullControl","Allow","True","ContainerInherit, ObjectInherit","None"
"C:\Temp\RAMMap","NT AUTHORITY\SYSTEM","FullControl","Allow","True","ContainerInherit, ObjectInherit","None"
"C:\Temp\RAMMap","BUILTIN\Users","ReadAndExecute, Synchronize","Allow","True","ContainerInherit, ObjectInherit","None"
"C:\Temp\RAMMap","NT AUTHORITY\Authenticated Users","Modify, Synchronize","Allow","True","None","None"
"C:\Temp\RAMMap","NT AUTHORITY\Authenticated Users","-536805376","Allow","True","ContainerInherit, ObjectInherit","InheritOnly"
"C:\Temp\Scripts","BUILTIN\Administrators","FullControl","Allow","True","ContainerInherit, ObjectInherit","None"
"C:\Temp\Scripts","NT AUTHORITY\SYSTEM","FullControl","Allow","True","ContainerInherit, ObjectInherit","None"
"C:\Temp\Scripts","BUILTIN\Users","ReadAndExecute, Synchronize","Allow","True","ContainerInherit, ObjectInherit","None"
"C:\Temp\Scripts","NT AUTHORITY\Authenticated Users","Modify, Synchronize","Allow","True","None","None"
"C:\Temp\Scripts","NT AUTHORITY\Authenticated Users","-536805376","Allow","True","ContainerInherit, ObjectInherit","InheritOnly"
"C:\Temp\WizTree","BUILTIN\Administrators","FullControl","Allow","True","ContainerInherit, ObjectInherit","None"
"C:\Temp\WizTree","NT AUTHORITY\SYSTEM","FullControl","Allow","True","ContainerInherit, ObjectInherit","None"
"C:\Temp\WizTree","BUILTIN\Users","ReadAndExecute, Synchronize","Allow","True","ContainerInherit, ObjectInherit","None"
"C:\Temp\WizTree","NT AUTHORITY\Authenticated Users","Modify, Synchronize","Allow","True","None","None"
"C:\Temp\WizTree","NT AUTHORITY\Authenticated Users","-536805376","Allow","True","ContainerInherit, ObjectInherit","InheritOnly"
"C:\Temp\Scripts\365","BUILTIN\Administrators","FullControl","Allow","True","ContainerInherit, ObjectInherit","None"
"C:\Temp\Scripts\365","NT AUTHORITY\SYSTEM","FullControl","Allow","True","ContainerInherit, ObjectInherit","None"
"C:\Temp\Scripts\365","BUILTIN\Users","ReadAndExecute, Synchronize","Allow","True","ContainerInherit, ObjectInherit","None"
"C:\Temp\Scripts\365","NT AUTHORITY\Authenticated Users","Modify, Synchronize","Allow","True","None","None"
"C:\Temp\Scripts\365","NT AUTHORITY\Authenticated Users","-536805376","Allow","True","ContainerInherit, ObjectInherit","InheritOnly"
"C:\Temp\Scripts\Azure","BUILTIN\Administrators","FullControl","Allow","True","ContainerInherit, ObjectInherit","None"
"C:\Temp\Scripts\Azure","NT AUTHORITY\SYSTEM","FullControl","Allow","True","ContainerInherit, ObjectInherit","None"
"C:\Temp\Scripts\Azure","BUILTIN\Users","ReadAndExecute, Synchronize","Allow","True","ContainerInherit, ObjectInherit","None"
"C:\Temp\Scripts\Azure","NT AUTHORITY\Authenticated Users","Modify, Synchronize","Allow","True","None","None"
"C:\Temp\Scripts\Azure","NT AUTHORITY\Authenticated Users","-536805376","Allow","True","ContainerInherit, ObjectInherit","InheritOnly"
"C:\Temp\Scripts\Domain","BUILTIN\Administrators","FullControl","Allow","True","ContainerInherit, ObjectInherit","None"
"C:\Temp\Scripts\Domain","NT AUTHORITY\SYSTEM","FullControl","Allow","True","ContainerInherit, ObjectInherit","None"
"C:\Temp\Scripts\Domain","BUILTIN\Users","ReadAndExecute, Synchronize","Allow","True","ContainerInherit, ObjectInherit","None"
"C:\Temp\Scripts\Domain","NT AUTHORITY\Authenticated Users","Modify, Synchronize","Allow","True","None","None"
"C:\Temp\Scripts\Domain","NT AUTHORITY\Authenticated Users","-536805376","Allow","True","ContainerInherit, ObjectInherit","InheritOnly"
"C:\Temp\Scripts\Files-And-Folders","BUILTIN\Administrators","FullControl","Allow","True","ContainerInherit, ObjectInherit","None"
"C:\Temp\Scripts\Files-And-Folders","NT AUTHORITY\SYSTEM","FullControl","Allow","True","ContainerInherit, ObjectInherit","None"
"C:\Temp\Scripts\Files-And-Folders","BUILTIN\Users","ReadAndExecute, Synchronize","Allow","True","ContainerInherit, ObjectInherit","None"
"C:\Temp\Scripts\Files-And-Folders","NT AUTHORITY\Authenticated Users","Modify, Synchronize","Allow","True","None","None"
"C:\Temp\Scripts\Files-And-Folders","NT AUTHORITY\Authenticated Users","-536805376","Allow","True","ContainerInherit, ObjectInherit","InheritOnly"
"C:\Temp\Scripts\Local","BUILTIN\Administrators","FullControl","Allow","True","ContainerInherit, ObjectInherit","None"
"C:\Temp\Scripts\Local","NT AUTHORITY\SYSTEM","FullControl","Allow","True","ContainerInherit, ObjectInherit","None"
"C:\Temp\Scripts\Local","BUILTIN\Users","ReadAndExecute, Synchronize","Allow","True","ContainerInherit, ObjectInherit","None"
"C:\Temp\Scripts\Local","NT AUTHORITY\Authenticated Users","Modify, Synchronize","Allow","True","None","None"
"C:\Temp\Scripts\Local","NT AUTHORITY\Authenticated Users","-536805376","Allow","True","ContainerInherit, ObjectInherit","InheritOnly"
"C:\Temp\Scripts\My-Scripts","BUILTIN\Administrators","FullControl","Allow","True","ContainerInherit, ObjectInherit","None"
"C:\Temp\Scripts\My-Scripts","NT AUTHORITY\SYSTEM","FullControl","Allow","True","ContainerInherit, ObjectInherit","None"
"C:\Temp\Scripts\My-Scripts","BUILTIN\Users","ReadAndExecute, Synchronize","Allow","True","ContainerInherit, ObjectInherit","None"
"C:\Temp\Scripts\My-Scripts","NT AUTHORITY\Authenticated Users","Modify, Synchronize","Allow","True","None","None"
"C:\Temp\Scripts\My-Scripts","NT AUTHORITY\Authenticated Users","-536805376","Allow","True","ContainerInherit, ObjectInherit","InheritOnly"
"C:\Temp\Scripts\Network","BUILTIN\Administrators","FullControl","Allow","True","ContainerInherit, ObjectInherit","None"
"C:\Temp\Scripts\Network","NT AUTHORITY\SYSTEM","FullControl","Allow","True","ContainerInherit, ObjectInherit","None"
"C:\Temp\Scripts\Network","BUILTIN\Users","ReadAndExecute, Synchronize","Allow","True","ContainerInherit, ObjectInherit","None"
"C:\Temp\Scripts\Network","NT AUTHORITY\Authenticated Users","Modify, Synchronize","Allow","True","None","None"
"C:\Temp\Scripts\Network","NT AUTHORITY\Authenticated Users","-536805376","Allow","True","ContainerInherit, ObjectInherit","InheritOnly"
"C:\Temp\Scripts\Nuvodia-Only","BUILTIN\Administrators","FullControl","Allow","True","ContainerInherit, ObjectInherit","None"
"C:\Temp\Scripts\Nuvodia-Only","NT AUTHORITY\SYSTEM","FullControl","Allow","True","ContainerInherit, ObjectInherit","None"
"C:\Temp\Scripts\Nuvodia-Only","BUILTIN\Users","ReadAndExecute, Synchronize","Allow","True","ContainerInherit, ObjectInherit","None"
"C:\Temp\Scripts\Nuvodia-Only","NT AUTHORITY\Authenticated Users","Modify, Synchronize","Allow","True","None","None"
"C:\Temp\Scripts\Nuvodia-Only","NT AUTHORITY\Authenticated Users","-536805376","Allow","True","ContainerInherit, ObjectInherit","InheritOnly"
"C:\Temp\Scripts\Software","BUILTIN\Administrators","FullControl","Allow","True","ContainerInherit, ObjectInherit","None"
"C:\Temp\Scripts\Software","NT AUTHORITY\SYSTEM","FullControl","Allow","True","ContainerInherit, ObjectInherit","None"
"C:\Temp\Scripts\Software","BUILTIN\Users","ReadAndExecute, Synchronize","Allow","True","ContainerInherit, ObjectInherit","None"
"C:\Temp\Scripts\Software","NT AUTHORITY\Authenticated Users","Modify, Synchronize","Allow","True","None","None"
"C:\Temp\Scripts\Software","NT AUTHORITY\Authenticated Users","-536805376","Allow","True","ContainerInherit, ObjectInherit","InheritOnly"
"C:\Temp\Scripts\Templates","BUILTIN\Administrators","FullControl","Allow","True","ContainerInherit, ObjectInherit","None"
"C:\Temp\Scripts\Templates","NT AUTHORITY\SYSTEM","FullControl","Allow","True","ContainerInherit, ObjectInherit","None"
"C:\Temp\Scripts\Templates","BUILTIN\Users","ReadAndExecute, Synchronize","Allow","True","ContainerInherit, ObjectInherit","None"
"C:\Temp\Scripts\Templates","NT AUTHORITY\Authenticated Users","Modify, Synchronize","Allow","True","None","None"
"C:\Temp\Scripts\Templates","NT AUTHORITY\Authenticated Users","-536805376","Allow","True","ContainerInherit, ObjectInherit","InheritOnly"
"C:\Temp\Scripts\365\Add-UserListTo365Group","BUILTIN\Administrators","FullControl","Allow","True","ContainerInherit, ObjectInherit","None"
"C:\Temp\Scripts\365\Add-UserListTo365Group","NT AUTHORITY\SYSTEM","FullControl","Allow","True","ContainerInherit, ObjectInherit","None"
"C:\Temp\Scripts\365\Add-UserListTo365Group","BUILTIN\Users","ReadAndExecute, Synchronize","Allow","True","ContainerInherit, ObjectInherit","None"
"C:\Temp\Scripts\365\Add-UserListTo365Group","NT AUTHORITY\Authenticated Users","Modify, Synchronize","Allow","True","None","None"
"C:\Temp\Scripts\365\Add-UserListTo365Group","NT AUTHORITY\Authenticated Users","-536805376","Allow","True","ContainerInherit, ObjectInherit","InheritOnly"
"C:\Temp\Scripts\365\Delete-Mailboxes","BUILTIN\Administrators","FullControl","Allow","True","ContainerInherit, ObjectInherit","None"
"C:\Temp\Scripts\365\Delete-Mailboxes","NT AUTHORITY\SYSTEM","FullControl","Allow","True","ContainerInherit, ObjectInherit","None"
"C:\Temp\Scripts\365\Delete-Mailboxes","BUILTIN\Users","ReadAndExecute, Synchronize","Allow","True","ContainerInherit, ObjectInherit","None"
"C:\Temp\Scripts\365\Delete-Mailboxes","NT AUTHORITY\Authenticated Users","Modify, Synchronize","Allow","True","None","None"
"C:\Temp\Scripts\365\Delete-Mailboxes","NT AUTHORITY\Authenticated Users","-536805376","Allow","True","ContainerInherit, ObjectInherit","InheritOnly"
"C:\Temp\Scripts\365\Diagnose-MailboxFolderAssistant","BUILTIN\Administrators","FullControl","Allow","True","ContainerInherit, ObjectInherit","None"
"C:\Temp\Scripts\365\Diagnose-MailboxFolderAssistant","NT AUTHORITY\SYSTEM","FullControl","Allow","True","ContainerInherit, ObjectInherit","None"
"C:\Temp\Scripts\365\Diagnose-MailboxFolderAssistant","BUILTIN\Users","ReadAndExecute, Synchronize","Allow","True","ContainerInherit, ObjectInherit","None"
"C:\Temp\Scripts\365\Diagnose-MailboxFolderAssistant","NT AUTHORITY\Authenticated Users","Modify, Synchronize","Allow","True","None","None"
"C:\Temp\Scripts\365\Diagnose-MailboxFolderAssistant","NT AUTHORITY\Authenticated Users","-536805376","Allow","True","ContainerInherit, ObjectInherit","InheritOnly"
"C:\Temp\Scripts\365\Get-AllMailboxforwardingRules","BUILTIN\Administrators","FullControl","Allow","True","ContainerInherit, ObjectInherit","None"
"C:\Temp\Scripts\365\Get-AllMailboxforwardingRules","NT AUTHORITY\SYSTEM","FullControl","Allow","True","ContainerInherit, ObjectInherit","None"
"C:\Temp\Scripts\365\Get-AllMailboxforwardingRules","BUILTIN\Users","ReadAndExecute, Synchronize","Allow","True","ContainerInherit, ObjectInherit","None"
"C:\Temp\Scripts\365\Get-AllMailboxforwardingRules","NT AUTHORITY\Authenticated Users","Modify, Synchronize","Allow","True","None","None"
"C:\Temp\Scripts\365\Get-AllMailboxforwardingRules","NT AUTHORITY\Authenticated Users","-536805376","Allow","True","ContainerInherit, ObjectInherit","InheritOnly"
"C:\Temp\Scripts\365\Get-CalendarPermissions","BUILTIN\Administrators","FullControl","Allow","True","ContainerInherit, ObjectInherit","None"
"C:\Temp\Scripts\365\Get-CalendarPermissions","NT AUTHORITY\SYSTEM","FullControl","Allow","True","ContainerInherit, ObjectInherit","None"
"C:\Temp\Scripts\365\Get-CalendarPermissions","BUILTIN\Users","ReadAndExecute, Synchronize","Allow","True","ContainerInherit, ObjectInherit","None"
"C:\Temp\Scripts\365\Get-CalendarPermissions","NT AUTHORITY\Authenticated Users","Modify, Synchronize","Allow","True","None","None"
"C:\Temp\Scripts\365\Get-CalendarPermissions","NT AUTHORITY\Authenticated Users","-536805376","Allow","True","ContainerInherit, ObjectInherit","InheritOnly"
"C:\Temp\Scripts\365\Get-FullMailboxAttributes","BUILTIN\Administrators","FullControl","Allow","True","ContainerInherit, ObjectInherit","None"
"C:\Temp\Scripts\365\Get-FullMailboxAttributes","NT AUTHORITY\SYSTEM","FullControl","Allow","True","ContainerInherit, ObjectInherit","None"
"C:\Temp\Scripts\365\Get-FullMailboxAttributes","BUILTIN\Users","ReadAndExecute, Synchronize","Allow","True","ContainerInherit, ObjectInherit","None"
"C:\Temp\Scripts\365\Get-FullMailboxAttributes","NT AUTHORITY\Authenticated Users","Modify, Synchronize","Allow","True","None","None"
"C:\Temp\Scripts\365\Get-FullMailboxAttributes","NT AUTHORITY\Authenticated Users","-536805376","Allow","True","ContainerInherit, ObjectInherit","InheritOnly"
"C:\Temp\Scripts\365\Get-Mailboxes","BUILTIN\Administrators","FullControl","Allow","True","ContainerInherit, ObjectInherit","None"
"C:\Temp\Scripts\365\Get-Mailboxes","NT AUTHORITY\SYSTEM","FullControl","Allow","True","ContainerInherit, ObjectInherit","None"
"C:\Temp\Scripts\365\Get-Mailboxes","BUILTIN\Users","ReadAndExecute, Synchronize","Allow","True","ContainerInherit, ObjectInherit","None"
"C:\Temp\Scripts\365\Get-Mailboxes","NT AUTHORITY\Authenticated Users","Modify, Synchronize","Allow","True","None","None"
"C:\Temp\Scripts\365\Get-Mailboxes","NT AUTHORITY\Authenticated Users","-536805376","Allow","True","ContainerInherit, ObjectInherit","InheritOnly"
"C:\Temp\Scripts\365\Get-MailboxFolderList","BUILTIN\Administrators","FullControl","Allow","True","ContainerInherit, ObjectInherit","None"
"C:\Temp\Scripts\365\Get-MailboxFolderList","NT AUTHORITY\SYSTEM","FullControl","Allow","True","ContainerInherit, ObjectInherit","None"
"C:\Temp\Scripts\365\Get-MailboxFolderList","BUILTIN\Users","ReadAndExecute, Synchronize","Allow","True","ContainerInherit, ObjectInherit","None"
"C:\Temp\Scripts\365\Get-MailboxFolderList","NT AUTHORITY\Authenticated Users","Modify, Synchronize","Allow","True","None","None"
"C:\Temp\Scripts\365\Get-MailboxFolderList","NT AUTHORITY\Authenticated Users","-536805376","Allow","True","ContainerInherit, ObjectInherit","InheritOnly"
"C:\Temp\Scripts\365\Grant-CalendarPermissions","BUILTIN\Administrators","FullControl","Allow","True","ContainerInherit, ObjectInherit","None"
"C:\Temp\Scripts\365\Grant-CalendarPermissions","NT AUTHORITY\SYSTEM","FullControl","Allow","True","ContainerInherit, ObjectInherit","None"
"C:\Temp\Scripts\365\Grant-CalendarPermissions","BUILTIN\Users","ReadAndExecute, Synchronize","Allow","True","ContainerInherit, ObjectInherit","None"
"C:\Temp\Scripts\365\Grant-CalendarPermissions","NT AUTHORITY\Authenticated Users","Modify, Synchronize","Allow","True","None","None"
"C:\Temp\Scripts\365\Grant-CalendarPermissions","NT AUTHORITY\Authenticated Users","-536805376","Allow","True","ContainerInherit, ObjectInherit","InheritOnly"
"C:\Temp\Scripts\365\Grant-RMToMailboxEditCalendarPermissions","BUILTIN\Administrators","FullControl","Allow","True","ContainerInherit, ObjectInherit","None"
"C:\Temp\Scripts\365\Grant-RMToMailboxEditCalendarPermissions","NT AUTHORITY\SYSTEM","FullControl","Allow","True","ContainerInherit, ObjectInherit","None"
"C:\Temp\Scripts\365\Grant-RMToMailboxEditCalendarPermissions","BUILTIN\Users","ReadAndExecute, Synchronize","Allow","True","ContainerInherit, ObjectInherit","None"
"C:\Temp\Scripts\365\Grant-RMToMailboxEditCalendarPermissions","NT AUTHORITY\Authenticated Users","Modify, Synchronize","Allow","True","None","None"
"C:\Temp\Scripts\365\Grant-RMToMailboxEditCalendarPermissions","NT AUTHORITY\Authenticated Users","-536805376","Allow","True","ContainerInherit, ObjectInherit","InheritOnly"
"C:\Temp\Scripts\365\Remediate-365Account","BUILTIN\Administrators","FullControl","Allow","True","ContainerInherit, ObjectInherit","None"
"C:\Temp\Scripts\365\Remediate-365Account","NT AUTHORITY\SYSTEM","FullControl","Allow","True","ContainerInherit, ObjectInherit","None"
"C:\Temp\Scripts\365\Remediate-365Account","BUILTIN\Users","ReadAndExecute, Synchronize","Allow","True","ContainerInherit, ObjectInherit","None"
"C:\Temp\Scripts\365\Remediate-365Account","NT AUTHORITY\Authenticated Users","Modify, Synchronize","Allow","True","None","None"
"C:\Temp\Scripts\365\Remediate-365Account","NT AUTHORITY\Authenticated Users","-536805376","Allow","True","ContainerInherit, ObjectInherit","InheritOnly"
"C:\Temp\Scripts\365\Remove-AllMailboxPermissions","BUILTIN\Administrators","FullControl","Allow","True","ContainerInherit, ObjectInherit","None"
"C:\Temp\Scripts\365\Remove-AllMailboxPermissions","NT AUTHORITY\SYSTEM","FullControl","Allow","True","ContainerInherit, ObjectInherit","None"
"C:\Temp\Scripts\365\Remove-AllMailboxPermissions","BUILTIN\Users","ReadAndExecute, Synchronize","Allow","True","ContainerInherit, ObjectInherit","None"
"C:\Temp\Scripts\365\Remove-AllMailboxPermissions","NT AUTHORITY\Authenticated Users","Modify, Synchronize","Allow","True","None","None"
"C:\Temp\Scripts\365\Remove-AllMailboxPermissions","NT AUTHORITY\Authenticated Users","-536805376","Allow","True","ContainerInherit, ObjectInherit","InheritOnly"
"C:\Temp\Scripts\Azure\Add-FoldersToAzurePath","BUILTIN\Administrators","FullControl","Allow","True","ContainerInherit, ObjectInherit","None"
"C:\Temp\Scripts\Azure\Add-FoldersToAzurePath","NT AUTHORITY\SYSTEM","FullControl","Allow","True","ContainerInherit, ObjectInherit","None"
"C:\Temp\Scripts\Azure\Add-FoldersToAzurePath","BUILTIN\Users","ReadAndExecute, Synchronize","Allow","True","ContainerInherit, ObjectInherit","None"
"C:\Temp\Scripts\Azure\Add-FoldersToAzurePath","NT AUTHORITY\Authenticated Users","Modify, Synchronize","Allow","True","None","None"
"C:\Temp\Scripts\Azure\Add-FoldersToAzurePath","NT AUTHORITY\Authenticated Users","-536805376","Allow","True","ContainerInherit, ObjectInherit","InheritOnly"
"C:\Temp\Scripts\Azure\Create-TestDomainController","BUILTIN\Administrators","FullControl","Allow","True","ContainerInherit, ObjectInherit","None"
"C:\Temp\Scripts\Azure\Create-TestDomainController","NT AUTHORITY\SYSTEM","FullControl","Allow","True","ContainerInherit, ObjectInherit","None"
"C:\Temp\Scripts\Azure\Create-TestDomainController","BUILTIN\Users","ReadAndExecute, Synchronize","Allow","True","ContainerInherit, ObjectInherit","None"
"C:\Temp\Scripts\Azure\Create-TestDomainController","NT AUTHORITY\Authenticated Users","Modify, Synchronize","Allow","True","None","None"
"C:\Temp\Scripts\Azure\Create-TestDomainController","NT AUTHORITY\Authenticated Users","-536805376","Allow","True","ContainerInherit, ObjectInherit","InheritOnly"
"C:\Temp\Scripts\Azure\Delete-TestDomainController","BUILTIN\Administrators","FullControl","Allow","True","ContainerInherit, ObjectInherit","None"
"C:\Temp\Scripts\Azure\Delete-TestDomainController","NT AUTHORITY\SYSTEM","FullControl","Allow","True","ContainerInherit, ObjectInherit","None"
"C:\Temp\Scripts\Azure\Delete-TestDomainController","BUILTIN\Users","ReadAndExecute, Synchronize","Allow","True","ContainerInherit, ObjectInherit","None"
"C:\Temp\Scripts\Azure\Delete-TestDomainController","NT AUTHORITY\Authenticated Users","Modify, Synchronize","Allow","True","None","None"
"C:\Temp\Scripts\Azure\Delete-TestDomainController","NT AUTHORITY\Authenticated Users","-536805376","Allow","True","ContainerInherit, ObjectInherit","InheritOnly"
"C:\Temp\Scripts\Domain\Change-ADUserPassword","BUILTIN\Administrators","FullControl","Allow","True","ContainerInherit, ObjectInherit","None"
"C:\Temp\Scripts\Domain\Change-ADUserPassword","NT AUTHORITY\SYSTEM","FullControl","Allow","True","ContainerInherit, ObjectInherit","None"
"C:\Temp\Scripts\Domain\Change-ADUserPassword","BUILTIN\Users","ReadAndExecute, Synchronize","Allow","True","ContainerInherit, ObjectInherit","None"
"C:\Temp\Scripts\Domain\Change-ADUserPassword","NT AUTHORITY\Authenticated Users","Modify, Synchronize","Allow","True","None","None"
"C:\Temp\Scripts\Domain\Change-ADUserPassword","NT AUTHORITY\Authenticated Users","-536805376","Allow","True","ContainerInherit, ObjectInherit","InheritOnly"
"C:\Temp\Scripts\Domain\Copy-ADUser","BUILTIN\Administrators","FullControl","Allow","True","ContainerInherit, ObjectInherit","None"
"C:\Temp\Scripts\Domain\Copy-ADUser","NT AUTHORITY\SYSTEM","FullControl","Allow","True","ContainerInherit, ObjectInherit","None"
"C:\Temp\Scripts\Domain\Copy-ADUser","BUILTIN\Users","ReadAndExecute, Synchronize","Allow","True","ContainerInherit, ObjectInherit","None"
"C:\Temp\Scripts\Domain\Copy-ADUser","NT AUTHORITY\Authenticated Users","Modify, Synchronize","Allow","True","None","None"
"C:\Temp\Scripts\Domain\Copy-ADUser","NT AUTHORITY\Authenticated Users","-536805376","Allow","True","ContainerInherit, ObjectInherit","InheritOnly"
"C:\Temp\Scripts\Domain\Create-ADUser","BUILTIN\Administrators","FullControl","Allow","True","ContainerInherit, ObjectInherit","None"
"C:\Temp\Scripts\Domain\Create-ADUser","NT AUTHORITY\SYSTEM","FullControl","Allow","True","ContainerInherit, ObjectInherit","None"
"C:\Temp\Scripts\Domain\Create-ADUser","BUILTIN\Users","ReadAndExecute, Synchronize","Allow","True","ContainerInherit, ObjectInherit","None"
"C:\Temp\Scripts\Domain\Create-ADUser","NT AUTHORITY\Authenticated Users","Modify, Synchronize","Allow","True","None","None"
"C:\Temp\Scripts\Domain\Create-ADUser","NT AUTHORITY\Authenticated Users","-536805376","Allow","True","ContainerInherit, ObjectInherit","InheritOnly"
"C:\Temp\Scripts\Domain\Remove-GroupsFromDisabledUsers","BUILTIN\Administrators","FullControl","Allow","True","ContainerInherit, ObjectInherit","None"
"C:\Temp\Scripts\Domain\Remove-GroupsFromDisabledUsers","NT AUTHORITY\SYSTEM","FullControl","Allow","True","ContainerInherit, ObjectInherit","None"
"C:\Temp\Scripts\Domain\Remove-GroupsFromDisabledUsers","BUILTIN\Users","ReadAndExecute, Synchronize","Allow","True","ContainerInherit, ObjectInherit","None"
"C:\Temp\Scripts\Domain\Remove-GroupsFromDisabledUsers","NT AUTHORITY\Authenticated Users","Modify, Synchronize","Allow","True","None","None"
"C:\Temp\Scripts\Domain\Remove-GroupsFromDisabledUsers","NT AUTHORITY\Authenticated Users","-536805376","Allow","True","ContainerInherit, ObjectInherit","InheritOnly"
"C:\Temp\Scripts\Files-And-Folders\Add-FoldersToPath","BUILTIN\Administrators","FullControl","Allow","True","ContainerInherit, ObjectInherit","None"
"C:\Temp\Scripts\Files-And-Folders\Add-FoldersToPath","NT AUTHORITY\SYSTEM","FullControl","Allow","True","ContainerInherit, ObjectInherit","None"
"C:\Temp\Scripts\Files-And-Folders\Add-FoldersToPath","BUILTIN\Users","ReadAndExecute, Synchronize","Allow","True","ContainerInherit, ObjectInherit","None"
"C:\Temp\Scripts\Files-And-Folders\Add-FoldersToPath","NT AUTHORITY\Authenticated Users","Modify, Synchronize","Allow","True","None","None"
"C:\Temp\Scripts\Files-And-Folders\Add-FoldersToPath","NT AUTHORITY\Authenticated Users","-536805376","Allow","True","ContainerInherit, ObjectInherit","InheritOnly"
"C:\Temp\Scripts\Files-And-Folders\Delete-AllFilesInDirectory","BUILTIN\Administrators","FullControl","Allow","True","ContainerInherit, ObjectInherit","None"
"C:\Temp\Scripts\Files-And-Folders\Delete-AllFilesInDirectory","NT AUTHORITY\SYSTEM","FullControl","Allow","True","ContainerInherit, ObjectInherit","None"
"C:\Temp\Scripts\Files-And-Folders\Delete-AllFilesInDirectory","BUILTIN\Users","ReadAndExecute, Synchronize","Allow","True","ContainerInherit, ObjectInherit","None"
"C:\Temp\Scripts\Files-And-Folders\Delete-AllFilesInDirectory","NT AUTHORITY\Authenticated Users","Modify, Synchronize","Allow","True","None","None"
"C:\Temp\Scripts\Files-And-Folders\Delete-AllFilesInDirectory","NT AUTHORITY\Authenticated Users","-536805376","Allow","True","ContainerInherit, ObjectInherit","InheritOnly"
"C:\Temp\Scripts\Files-And-Folders\Delete-OldFiles","BUILTIN\Administrators","FullControl","Allow","True","ContainerInherit, ObjectInherit","None"
"C:\Temp\Scripts\Files-And-Folders\Delete-OldFiles","NT AUTHORITY\SYSTEM","FullControl","Allow","True","ContainerInherit, ObjectInherit","None"
"C:\Temp\Scripts\Files-And-Folders\Delete-OldFiles","BUILTIN\Users","ReadAndExecute, Synchronize","Allow","True","ContainerInherit, ObjectInherit","None"
"C:\Temp\Scripts\Files-And-Folders\Delete-OldFiles","NT AUTHORITY\Authenticated Users","Modify, Synchronize","Allow","True","None","None"
"C:\Temp\Scripts\Files-And-Folders\Delete-OldFiles","NT AUTHORITY\Authenticated Users","-536805376","Allow","True","ContainerInherit, ObjectInherit","InheritOnly"
"C:\Temp\Scripts\Files-And-Folders\Get-FolderSizes","BUILTIN\Administrators","FullControl","Allow","True","ContainerInherit, ObjectInherit","None"
"C:\Temp\Scripts\Files-And-Folders\Get-FolderSizes","NT AUTHORITY\SYSTEM","FullControl","Allow","True","ContainerInherit, ObjectInherit","None"
"C:\Temp\Scripts\Files-And-Folders\Get-FolderSizes","BUILTIN\Users","ReadAndExecute, Synchronize","Allow","True","ContainerInherit, ObjectInherit","None"
"C:\Temp\Scripts\Files-And-Folders\Get-FolderSizes","NT AUTHORITY\Authenticated Users","Modify, Synchronize","Allow","True","None","None"
"C:\Temp\Scripts\Files-And-Folders\Get-FolderSizes","NT AUTHORITY\Authenticated Users","-536805376","Allow","True","ContainerInherit, ObjectInherit","InheritOnly"
"C:\Temp\Scripts\Files-And-Folders\Get-MachinePath","BUILTIN\Administrators","FullControl","Allow","True","ContainerInherit, ObjectInherit","None"
"C:\Temp\Scripts\Files-And-Folders\Get-MachinePath","NT AUTHORITY\SYSTEM","FullControl","Allow","True","ContainerInherit, ObjectInherit","None"
"C:\Temp\Scripts\Files-And-Folders\Get-MachinePath","BUILTIN\Users","ReadAndExecute, Synchronize","Allow","True","ContainerInherit, ObjectInherit","None"
"C:\Temp\Scripts\Files-And-Folders\Get-MachinePath","NT AUTHORITY\Authenticated Users","Modify, Synchronize","Allow","True","None","None"
"C:\Temp\Scripts\Files-And-Folders\Get-MachinePath","NT AUTHORITY\Authenticated Users","-536805376","Allow","True","ContainerInherit, ObjectInherit","InheritOnly"
"C:\Temp\Scripts\Files-And-Folders\Get-NTFSPermissions","BUILTIN\Administrators","FullControl","Allow","True","ContainerInherit, ObjectInherit","None"
"C:\Temp\Scripts\Files-And-Folders\Get-NTFSPermissions","NT AUTHORITY\SYSTEM","FullControl","Allow","True","ContainerInherit, ObjectInherit","None"
"C:\Temp\Scripts\Files-And-Folders\Get-NTFSPermissions","BUILTIN\Users","ReadAndExecute, Synchronize","Allow","True","ContainerInherit, ObjectInherit","None"
"C:\Temp\Scripts\Files-And-Folders\Get-NTFSPermissions","NT AUTHORITY\Authenticated Users","Modify, Synchronize","Allow","True","None","None"
"C:\Temp\Scripts\Files-And-Folders\Get-NTFSPermissions","NT AUTHORITY\Authenticated Users","-536805376","Allow","True","ContainerInherit, ObjectInherit","InheritOnly"
"C:\Temp\Scripts\Files-And-Folders\Get-UserPath","BUILTIN\Administrators","FullControl","Allow","True","ContainerInherit, ObjectInherit","None"
"C:\Temp\Scripts\Files-And-Folders\Get-UserPath","NT AUTHORITY\SYSTEM","FullControl","Allow","True","ContainerInherit, ObjectInherit","None"
"C:\Temp\Scripts\Files-And-Folders\Get-UserPath","BUILTIN\Users","ReadAndExecute, Synchronize","Allow","True","ContainerInherit, ObjectInherit","None"
"C:\Temp\Scripts\Files-And-Folders\Get-UserPath","NT AUTHORITY\Authenticated Users","Modify, Synchronize","Allow","True","None","None"
"C:\Temp\Scripts\Files-And-Folders\Get-UserPath","NT AUTHORITY\Authenticated Users","-536805376","Allow","True","ContainerInherit, ObjectInherit","InheritOnly"
"C:\Temp\Scripts\Files-And-Folders\Remove-FolderFromPath","BUILTIN\Administrators","FullControl","Allow","True","ContainerInherit, ObjectInherit","None"
"C:\Temp\Scripts\Files-And-Folders\Remove-FolderFromPath","NT AUTHORITY\SYSTEM","FullControl","Allow","True","ContainerInherit, ObjectInherit","None"
"C:\Temp\Scripts\Files-And-Folders\Remove-FolderFromPath","BUILTIN\Users","ReadAndExecute, Synchronize","Allow","True","ContainerInherit, ObjectInherit","None"
"C:\Temp\Scripts\Files-And-Folders\Remove-FolderFromPath","NT AUTHORITY\Authenticated Users","Modify, Synchronize","Allow","True","None","None"
"C:\Temp\Scripts\Files-And-Folders\Remove-FolderFromPath","NT AUTHORITY\Authenticated Users","-536805376","Allow","True","ContainerInherit, ObjectInherit","InheritOnly"
"C:\Temp\Scripts\Files-And-Folders\Rename-FolderCase","BUILTIN\Administrators","FullControl","Allow","True","ContainerInherit, ObjectInherit","None"
"C:\Temp\Scripts\Files-And-Folders\Rename-FolderCase","NT AUTHORITY\SYSTEM","FullControl","Allow","True","ContainerInherit, ObjectInherit","None"
"C:\Temp\Scripts\Files-And-Folders\Rename-FolderCase","BUILTIN\Users","ReadAndExecute, Synchronize","Allow","True","ContainerInherit, ObjectInherit","None"
"C:\Temp\Scripts\Files-And-Folders\Rename-FolderCase","NT AUTHORITY\Authenticated Users","Modify, Synchronize","Allow","True","None","None"
"C:\Temp\Scripts\Files-And-Folders\Rename-FolderCase","NT AUTHORITY\Authenticated Users","-536805376","Allow","True","ContainerInherit, ObjectInherit","InheritOnly"
"C:\Temp\Scripts\Files-And-Folders\Rename-ScriptToFolderName","BUILTIN\Administrators","FullControl","Allow","True","ContainerInherit, ObjectInherit","None"
"C:\Temp\Scripts\Files-And-Folders\Rename-ScriptToFolderName","NT AUTHORITY\SYSTEM","FullControl","Allow","True","ContainerInherit, ObjectInherit","None"
"C:\Temp\Scripts\Files-And-Folders\Rename-ScriptToFolderName","BUILTIN\Users","ReadAndExecute, Synchronize","Allow","True","ContainerInherit, ObjectInherit","None"
"C:\Temp\Scripts\Files-And-Folders\Rename-ScriptToFolderName","NT AUTHORITY\Authenticated Users","Modify, Synchronize","Allow","True","None","None"
"C:\Temp\Scripts\Files-And-Folders\Rename-ScriptToFolderName","NT AUTHORITY\Authenticated Users","-536805376","Allow","True","ContainerInherit, ObjectInherit","InheritOnly"
"C:\Temp\Scripts\Files-And-Folders\Unprotect-RMSFile","BUILTIN\Administrators","FullControl","Allow","True","ContainerInherit, ObjectInherit","None"
"C:\Temp\Scripts\Files-And-Folders\Unprotect-RMSFile","NT AUTHORITY\SYSTEM","FullControl","Allow","True","ContainerInherit, ObjectInherit","None"
"C:\Temp\Scripts\Files-And-Folders\Unprotect-RMSFile","BUILTIN\Users","ReadAndExecute, Synchronize","Allow","True","ContainerInherit, ObjectInherit","None"
"C:\Temp\Scripts\Files-And-Folders\Unprotect-RMSFile","NT AUTHORITY\Authenticated Users","Modify, Synchronize","Allow","True","None","None"
"C:\Temp\Scripts\Files-And-Folders\Unprotect-RMSFile","NT AUTHORITY\Authenticated Users","-536805376","Allow","True","ContainerInherit, ObjectInherit","InheritOnly"
"C:\Temp\Scripts\Local\Change-LocalUserPassword","BUILTIN\Administrators","FullControl","Allow","True","ContainerInherit, ObjectInherit","None"
"C:\Temp\Scripts\Local\Change-LocalUserPassword","NT AUTHORITY\SYSTEM","FullControl","Allow","True","ContainerInherit, ObjectInherit","None"
"C:\Temp\Scripts\Local\Change-LocalUserPassword","BUILTIN\Users","ReadAndExecute, Synchronize","Allow","True","ContainerInherit, ObjectInherit","None"
"C:\Temp\Scripts\Local\Change-LocalUserPassword","NT AUTHORITY\Authenticated Users","Modify, Synchronize","Allow","True","None","None"
"C:\Temp\Scripts\Local\Change-LocalUserPassword","NT AUTHORITY\Authenticated Users","-536805376","Allow","True","ContainerInherit, ObjectInherit","InheritOnly"
"C:\Temp\Scripts\Local\Create-LocalAccount","BUILTIN\Administrators","FullControl","Allow","True","ContainerInherit, ObjectInherit","None"
"C:\Temp\Scripts\Local\Create-LocalAccount","NT AUTHORITY\SYSTEM","FullControl","Allow","True","ContainerInherit, ObjectInherit","None"
"C:\Temp\Scripts\Local\Create-LocalAccount","BUILTIN\Users","ReadAndExecute, Synchronize","Allow","True","ContainerInherit, ObjectInherit","None"
"C:\Temp\Scripts\Local\Create-LocalAccount","NT AUTHORITY\Authenticated Users","Modify, Synchronize","Allow","True","None","None"
"C:\Temp\Scripts\Local\Create-LocalAccount","NT AUTHORITY\Authenticated Users","-536805376","Allow","True","ContainerInherit, ObjectInherit","InheritOnly"
"C:\Temp\Scripts\Local\Repair-WindowsOS","BUILTIN\Administrators","FullControl","Allow","True","ContainerInherit, ObjectInherit","None"
"C:\Temp\Scripts\Local\Repair-WindowsOS","NT AUTHORITY\SYSTEM","FullControl","Allow","True","ContainerInherit, ObjectInherit","None"
"C:\Temp\Scripts\Local\Repair-WindowsOS","BUILTIN\Users","ReadAndExecute, Synchronize","Allow","True","ContainerInherit, ObjectInherit","None"
"C:\Temp\Scripts\Local\Repair-WindowsOS","NT AUTHORITY\Authenticated Users","Modify, Synchronize","Allow","True","None","None"
"C:\Temp\Scripts\Local\Repair-WindowsOS","NT AUTHORITY\Authenticated Users","-536805376","Allow","True","ContainerInherit, ObjectInherit","InheritOnly"
"C:\Temp\Scripts\My-Scripts\Copy-FilestToAzureStorage","BUILTIN\Administrators","FullControl","Allow","True","ContainerInherit, ObjectInherit","None"
"C:\Temp\Scripts\My-Scripts\Copy-FilestToAzureStorage","NT AUTHORITY\SYSTEM","FullControl","Allow","True","ContainerInherit, ObjectInherit","None"
"C:\Temp\Scripts\My-Scripts\Copy-FilestToAzureStorage","BUILTIN\Users","ReadAndExecute, Synchronize","Allow","True","ContainerInherit, ObjectInherit","None"
"C:\Temp\Scripts\My-Scripts\Copy-FilestToAzureStorage","NT AUTHORITY\Authenticated Users","Modify, Synchronize","Allow","True","None","None"
"C:\Temp\Scripts\My-Scripts\Copy-FilestToAzureStorage","NT AUTHORITY\Authenticated Users","-536805376","Allow","True","ContainerInherit, ObjectInherit","InheritOnly"
"C:\Temp\Scripts\My-Scripts\Delete-OldScreenshots","BUILTIN\Administrators","FullControl","Allow","True","ContainerInherit, ObjectInherit","None"
"C:\Temp\Scripts\My-Scripts\Delete-OldScreenshots","NT AUTHORITY\SYSTEM","FullControl","Allow","True","ContainerInherit, ObjectInherit","None"
"C:\Temp\Scripts\My-Scripts\Delete-OldScreenshots","BUILTIN\Users","ReadAndExecute, Synchronize","Allow","True","ContainerInherit, ObjectInherit","None"
"C:\Temp\Scripts\My-Scripts\Delete-OldScreenshots","NT AUTHORITY\Authenticated Users","Modify, Synchronize","Allow","True","None","None"
"C:\Temp\Scripts\My-Scripts\Delete-OldScreenshots","NT AUTHORITY\Authenticated Users","-536805376","Allow","True","ContainerInherit, ObjectInherit","InheritOnly"
"C:\Temp\Scripts\My-Scripts\Mount-AzureStorage","BUILTIN\Administrators","FullControl","Allow","True","ContainerInherit, ObjectInherit","None"
"C:\Temp\Scripts\My-Scripts\Mount-AzureStorage","NT AUTHORITY\SYSTEM","FullControl","Allow","True","ContainerInherit, ObjectInherit","None"
"C:\Temp\Scripts\My-Scripts\Mount-AzureStorage","BUILTIN\Users","ReadAndExecute, Synchronize","Allow","True","ContainerInherit, ObjectInherit","None"
"C:\Temp\Scripts\My-Scripts\Mount-AzureStorage","NT AUTHORITY\Authenticated Users","Modify, Synchronize","Allow","True","None","None"
"C:\Temp\Scripts\My-Scripts\Mount-AzureStorage","NT AUTHORITY\Authenticated Users","-536805376","Allow","True","ContainerInherit, ObjectInherit","InheritOnly"
"C:\Temp\Scripts\Network\Test-NetworkConnectivity","BUILTIN\Administrators","FullControl","Allow","True","ContainerInherit, ObjectInherit","None"
"C:\Temp\Scripts\Network\Test-NetworkConnectivity","NT AUTHORITY\SYSTEM","FullControl","Allow","True","ContainerInherit, ObjectInherit","None"
"C:\Temp\Scripts\Network\Test-NetworkConnectivity","BUILTIN\Users","ReadAndExecute, Synchronize","Allow","True","ContainerInherit, ObjectInherit","None"
"C:\Temp\Scripts\Network\Test-NetworkConnectivity","NT AUTHORITY\Authenticated Users","Modify, Synchronize","Allow","True","None","None"
"C:\Temp\Scripts\Network\Test-NetworkConnectivity","NT AUTHORITY\Authenticated Users","-536805376","Allow","True","ContainerInherit, ObjectInherit","InheritOnly"
"C:\Temp\Scripts\Nuvodia-Only\Create-NuvodialocalAccount","BUILTIN\Administrators","FullControl","Allow","True","ContainerInherit, ObjectInherit","None"
"C:\Temp\Scripts\Nuvodia-Only\Create-NuvodialocalAccount","NT AUTHORITY\SYSTEM","FullControl","Allow","True","ContainerInherit, ObjectInherit","None"
"C:\Temp\Scripts\Nuvodia-Only\Create-NuvodialocalAccount","BUILTIN\Users","ReadAndExecute, Synchronize","Allow","True","ContainerInherit, ObjectInherit","None"
"C:\Temp\Scripts\Nuvodia-Only\Create-NuvodialocalAccount","NT AUTHORITY\Authenticated Users","Modify, Synchronize","Allow","True","None","None"
"C:\Temp\Scripts\Nuvodia-Only\Create-NuvodialocalAccount","NT AUTHORITY\Authenticated Users","-536805376","Allow","True","ContainerInherit, ObjectInherit","InheritOnly"
"C:\Temp\Scripts\Software\Get-InstalledSoftware","BUILTIN\Administrators","FullControl","Allow","True","ContainerInherit, ObjectInherit","None"
"C:\Temp\Scripts\Software\Get-InstalledSoftware","NT AUTHORITY\SYSTEM","FullControl","Allow","True","ContainerInherit, ObjectInherit","None"
"C:\Temp\Scripts\Software\Get-InstalledSoftware","BUILTIN\Users","ReadAndExecute, Synchronize","Allow","True","ContainerInherit, ObjectInherit","None"
"C:\Temp\Scripts\Software\Get-InstalledSoftware","NT AUTHORITY\Authenticated Users","Modify, Synchronize","Allow","True","None","None"
"C:\Temp\Scripts\Software\Get-InstalledSoftware","NT AUTHORITY\Authenticated Users","-536805376","Allow","True","ContainerInherit, ObjectInherit","InheritOnly"
"C:\Temp\Scripts\Software\Get-WizTreePortable","BUILTIN\Administrators","FullControl","Allow","True","ContainerInherit, ObjectInherit","None"
"C:\Temp\Scripts\Software\Get-WizTreePortable","NT AUTHORITY\SYSTEM","FullControl","Allow","True","ContainerInherit, ObjectInherit","None"
"C:\Temp\Scripts\Software\Get-WizTreePortable","BUILTIN\Users","ReadAndExecute, Synchronize","Allow","True","ContainerInherit, ObjectInherit","None"
"C:\Temp\Scripts\Software\Get-WizTreePortable","NT AUTHORITY\Authenticated Users","Modify, Synchronize","Allow","True","None","None"
"C:\Temp\Scripts\Software\Get-WizTreePortable","NT AUTHORITY\Authenticated Users","-536805376","Allow","True","ContainerInherit, ObjectInherit","InheritOnly"
"C:\Temp\Scripts\Software\Reinstall-OneDrive","BUILTIN\Administrators","FullControl","Allow","True","ContainerInherit, ObjectInherit","None"
"C:\Temp\Scripts\Software\Reinstall-OneDrive","NT AUTHORITY\SYSTEM","FullControl","Allow","True","ContainerInherit, ObjectInherit","None"
"C:\Temp\Scripts\Software\Reinstall-OneDrive","BUILTIN\Users","ReadAndExecute, Synchronize","Allow","True","ContainerInherit, ObjectInherit","None"
"C:\Temp\Scripts\Software\Reinstall-OneDrive","NT AUTHORITY\Authenticated Users","Modify, Synchronize","Allow","True","None","None"
"C:\Temp\Scripts\Software\Reinstall-OneDrive","NT AUTHORITY\Authenticated Users","-536805376","Allow","True","ContainerInherit, ObjectInherit","InheritOnly"
"C:\Temp\Scripts\Software\Remove-AdobeAcrobatReader","BUILTIN\Administrators","FullControl","Allow","True","ContainerInherit, ObjectInherit","None"
"C:\Temp\Scripts\Software\Remove-AdobeAcrobatReader","NT AUTHORITY\SYSTEM","FullControl","Allow","True","ContainerInherit, ObjectInherit","None"
"C:\Temp\Scripts\Software\Remove-AdobeAcrobatReader","BUILTIN\Users","ReadAndExecute, Synchronize","Allow","True","ContainerInherit, ObjectInherit","None"
"C:\Temp\Scripts\Software\Remove-AdobeAcrobatReader","NT AUTHORITY\Authenticated Users","Modify, Synchronize","Allow","True","None","None"
"C:\Temp\Scripts\Software\Remove-AdobeAcrobatReader","NT AUTHORITY\Authenticated Users","-536805376","Allow","True","ContainerInherit, ObjectInherit","InheritOnly"
"C:\Temp\WizTree\locale","BUILTIN\Administrators","FullControl","Allow","True","ContainerInherit, ObjectInherit","None"
"C:\Temp\WizTree\locale","NT AUTHORITY\SYSTEM","FullControl","Allow","True","ContainerInherit, ObjectInherit","None"
"C:\Temp\WizTree\locale","BUILTIN\Users","ReadAndExecute, Synchronize","Allow","True","ContainerInherit, ObjectInherit","None"
"C:\Temp\WizTree\locale","NT AUTHORITY\Authenticated Users","Modify, Synchronize","Allow","True","None","None"
"C:\Temp\WizTree\locale","NT AUTHORITY\Authenticated Users","-536805376","Allow","True","ContainerInherit, ObjectInherit","InheritOnly"
"C:\Temp\WizTree\locale\bg","BUILTIN\Administrators","FullControl","Allow","True","ContainerInherit, ObjectInherit","None"
"C:\Temp\WizTree\locale\bg","NT AUTHORITY\SYSTEM","FullControl","Allow","True","ContainerInherit, ObjectInherit","None"
"C:\Temp\WizTree\locale\bg","BUILTIN\Users","ReadAndExecute, Synchronize","Allow","True","ContainerInherit, ObjectInherit","None"
"C:\Temp\WizTree\locale\bg","NT AUTHORITY\Authenticated Users","Modify, Synchronize","Allow","True","None","None"
"C:\Temp\WizTree\locale\bg","NT AUTHORITY\Authenticated Users","-536805376","Allow","True","ContainerInherit, ObjectInherit","InheritOnly"
"C:\Temp\WizTree\locale\cs","BUILTIN\Administrators","FullControl","Allow","True","ContainerInherit, ObjectInherit","None"
"C:\Temp\WizTree\locale\cs","NT AUTHORITY\SYSTEM","FullControl","Allow","True","ContainerInherit, ObjectInherit","None"
"C:\Temp\WizTree\locale\cs","BUILTIN\Users","ReadAndExecute, Synchronize","Allow","True","ContainerInherit, ObjectInherit","None"
"C:\Temp\WizTree\locale\cs","NT AUTHORITY\Authenticated Users","Modify, Synchronize","Allow","True","None","None"
"C:\Temp\WizTree\locale\cs","NT AUTHORITY\Authenticated Users","-536805376","Allow","True","ContainerInherit, ObjectInherit","InheritOnly"
"C:\Temp\WizTree\locale\da","BUILTIN\Administrators","FullControl","Allow","True","ContainerInherit, ObjectInherit","None"
"C:\Temp\WizTree\locale\da","NT AUTHORITY\SYSTEM","FullControl","Allow","True","ContainerInherit, ObjectInherit","None"
"C:\Temp\WizTree\locale\da","BUILTIN\Users","ReadAndExecute, Synchronize","Allow","True","ContainerInherit, ObjectInherit","None"
"C:\Temp\WizTree\locale\da","NT AUTHORITY\Authenticated Users","Modify, Synchronize","Allow","True","None","None"
"C:\Temp\WizTree\locale\da","NT AUTHORITY\Authenticated Users","-536805376","Allow","True","ContainerInherit, ObjectInherit","InheritOnly"
"C:\Temp\WizTree\locale\de","BUILTIN\Administrators","FullControl","Allow","True","ContainerInherit, ObjectInherit","None"
"C:\Temp\WizTree\locale\de","NT AUTHORITY\SYSTEM","FullControl","Allow","True","ContainerInherit, ObjectInherit","None"
"C:\Temp\WizTree\locale\de","BUILTIN\Users","ReadAndExecute, Synchronize","Allow","True","ContainerInherit, ObjectInherit","None"
"C:\Temp\WizTree\locale\de","NT AUTHORITY\Authenticated Users","Modify, Synchronize","Allow","True","None","None"
"C:\Temp\WizTree\locale\de","NT AUTHORITY\Authenticated Users","-536805376","Allow","True","ContainerInherit, ObjectInherit","InheritOnly"
"C:\Temp\WizTree\locale\el","BUILTIN\Administrators","FullControl","Allow","True","ContainerInherit, ObjectInherit","None"
"C:\Temp\WizTree\locale\el","NT AUTHORITY\SYSTEM","FullControl","Allow","True","ContainerInherit, ObjectInherit","None"
"C:\Temp\WizTree\locale\el","BUILTIN\Users","ReadAndExecute, Synchronize","Allow","True","ContainerInherit, ObjectInherit","None"
"C:\Temp\WizTree\locale\el","NT AUTHORITY\Authenticated Users","Modify, Synchronize","Allow","True","None","None"
"C:\Temp\WizTree\locale\el","NT AUTHORITY\Authenticated Users","-536805376","Allow","True","ContainerInherit, ObjectInherit","InheritOnly"
"C:\Temp\WizTree\locale\en","BUILTIN\Administrators","FullControl","Allow","True","ContainerInherit, ObjectInherit","None"
"C:\Temp\WizTree\locale\en","NT AUTHORITY\SYSTEM","FullControl","Allow","True","ContainerInherit, ObjectInherit","None"
"C:\Temp\WizTree\locale\en","BUILTIN\Users","ReadAndExecute, Synchronize","Allow","True","ContainerInherit, ObjectInherit","None"
"C:\Temp\WizTree\locale\en","NT AUTHORITY\Authenticated Users","Modify, Synchronize","Allow","True","None","None"
"C:\Temp\WizTree\locale\en","NT AUTHORITY\Authenticated Users","-536805376","Allow","True","ContainerInherit, ObjectInherit","InheritOnly"
"C:\Temp\WizTree\locale\es","BUILTIN\Administrators","FullControl","Allow","True","ContainerInherit, ObjectInherit","None"
"C:\Temp\WizTree\locale\es","NT AUTHORITY\SYSTEM","FullControl","Allow","True","ContainerInherit, ObjectInherit","None"
"C:\Temp\WizTree\locale\es","BUILTIN\Users","ReadAndExecute, Synchronize","Allow","True","ContainerInherit, ObjectInherit","None"
"C:\Temp\WizTree\locale\es","NT AUTHORITY\Authenticated Users","Modify, Synchronize","Allow","True","None","None"
"C:\Temp\WizTree\locale\es","NT AUTHORITY\Authenticated Users","-536805376","Allow","True","ContainerInherit, ObjectInherit","InheritOnly"
"C:\Temp\WizTree\locale\fi","BUILTIN\Administrators","FullControl","Allow","True","ContainerInherit, ObjectInherit","None"
"C:\Temp\WizTree\locale\fi","NT AUTHORITY\SYSTEM","FullControl","Allow","True","ContainerInherit, ObjectInherit","None"
"C:\Temp\WizTree\locale\fi","BUILTIN\Users","ReadAndExecute, Synchronize","Allow","True","ContainerInherit, ObjectInherit","None"
"C:\Temp\WizTree\locale\fi","NT AUTHORITY\Authenticated Users","Modify, Synchronize","Allow","True","None","None"
"C:\Temp\WizTree\locale\fi","NT AUTHORITY\Authenticated Users","-536805376","Allow","True","ContainerInherit, ObjectInherit","InheritOnly"
"C:\Temp\WizTree\locale\fr","BUILTIN\Administrators","FullControl","Allow","True","ContainerInherit, ObjectInherit","None"
"C:\Temp\WizTree\locale\fr","NT AUTHORITY\SYSTEM","FullControl","Allow","True","ContainerInherit, ObjectInherit","None"
"C:\Temp\WizTree\locale\fr","BUILTIN\Users","ReadAndExecute, Synchronize","Allow","True","ContainerInherit, ObjectInherit","None"
"C:\Temp\WizTree\locale\fr","NT AUTHORITY\Authenticated Users","Modify, Synchronize","Allow","True","None","None"
"C:\Temp\WizTree\locale\fr","NT AUTHORITY\Authenticated Users","-536805376","Allow","True","ContainerInherit, ObjectInherit","InheritOnly"
"C:\Temp\WizTree\locale\hu","BUILTIN\Administrators","FullControl","Allow","True","ContainerInherit, ObjectInherit","None"
"C:\Temp\WizTree\locale\hu","NT AUTHORITY\SYSTEM","FullControl","Allow","True","ContainerInherit, ObjectInherit","None"
"C:\Temp\WizTree\locale\hu","BUILTIN\Users","ReadAndExecute, Synchronize","Allow","True","ContainerInherit, ObjectInherit","None"
"C:\Temp\WizTree\locale\hu","NT AUTHORITY\Authenticated Users","Modify, Synchronize","Allow","True","None","None"
"C:\Temp\WizTree\locale\hu","NT AUTHORITY\Authenticated Users","-536805376","Allow","True","ContainerInherit, ObjectInherit","InheritOnly"
"C:\Temp\WizTree\locale\id","BUILTIN\Administrators","FullControl","Allow","True","ContainerInherit, ObjectInherit","None"
"C:\Temp\WizTree\locale\id","NT AUTHORITY\SYSTEM","FullControl","Allow","True","ContainerInherit, ObjectInherit","None"
"C:\Temp\WizTree\locale\id","BUILTIN\Users","ReadAndExecute, Synchronize","Allow","True","ContainerInherit, ObjectInherit","None"
"C:\Temp\WizTree\locale\id","NT AUTHORITY\Authenticated Users","Modify, Synchronize","Allow","True","None","None"
"C:\Temp\WizTree\locale\id","NT AUTHORITY\Authenticated Users","-536805376","Allow","True","ContainerInherit, ObjectInherit","InheritOnly"
"C:\Temp\WizTree\locale\it","BUILTIN\Administrators","FullControl","Allow","True","ContainerInherit, ObjectInherit","None"
"C:\Temp\WizTree\locale\it","NT AUTHORITY\SYSTEM","FullControl","Allow","True","ContainerInherit, ObjectInherit","None"
"C:\Temp\WizTree\locale\it","BUILTIN\Users","ReadAndExecute, Synchronize","Allow","True","ContainerInherit, ObjectInherit","None"
"C:\Temp\WizTree\locale\it","NT AUTHORITY\Authenticated Users","Modify, Synchronize","Allow","True","None","None"
"C:\Temp\WizTree\locale\it","NT AUTHORITY\Authenticated Users","-536805376","Allow","True","ContainerInherit, ObjectInherit","InheritOnly"
"C:\Temp\WizTree\locale\ja","BUILTIN\Administrators","FullControl","Allow","True","ContainerInherit, ObjectInherit","None"
"C:\Temp\WizTree\locale\ja","NT AUTHORITY\SYSTEM","FullControl","Allow","True","ContainerInherit, ObjectInherit","None"
"C:\Temp\WizTree\locale\ja","BUILTIN\Users","ReadAndExecute, Synchronize","Allow","True","ContainerInherit, ObjectInherit","None"
"C:\Temp\WizTree\locale\ja","NT AUTHORITY\Authenticated Users","Modify, Synchronize","Allow","True","None","None"
"C:\Temp\WizTree\locale\ja","NT AUTHORITY\Authenticated Users","-536805376","Allow","True","ContainerInherit, ObjectInherit","InheritOnly"
"C:\Temp\WizTree\locale\ko","BUILTIN\Administrators","FullControl","Allow","True","ContainerInherit, ObjectInherit","None"
"C:\Temp\WizTree\locale\ko","NT AUTHORITY\SYSTEM","FullControl","Allow","True","ContainerInherit, ObjectInherit","None"
"C:\Temp\WizTree\locale\ko","BUILTIN\Users","ReadAndExecute, Synchronize","Allow","True","ContainerInherit, ObjectInherit","None"
"C:\Temp\WizTree\locale\ko","NT AUTHORITY\Authenticated Users","Modify, Synchronize","Allow","True","None","None"
"C:\Temp\WizTree\locale\ko","NT AUTHORITY\Authenticated Users","-536805376","Allow","True","ContainerInherit, ObjectInherit","InheritOnly"
"C:\Temp\WizTree\locale\nl","BUILTIN\Administrators","FullControl","Allow","True","ContainerInherit, ObjectInherit","None"
"C:\Temp\WizTree\locale\nl","NT AUTHORITY\SYSTEM","FullControl","Allow","True","ContainerInherit, ObjectInherit","None"
"C:\Temp\WizTree\locale\nl","BUILTIN\Users","ReadAndExecute, Synchronize","Allow","True","ContainerInherit, ObjectInherit","None"
"C:\Temp\WizTree\locale\nl","NT AUTHORITY\Authenticated Users","Modify, Synchronize","Allow","True","None","None"
"C:\Temp\WizTree\locale\nl","NT AUTHORITY\Authenticated Users","-536805376","Allow","True","ContainerInherit, ObjectInherit","InheritOnly"
"C:\Temp\WizTree\locale\no","BUILTIN\Administrators","FullControl","Allow","True","ContainerInherit, ObjectInherit","None"
"C:\Temp\WizTree\locale\no","NT AUTHORITY\SYSTEM","FullControl","Allow","True","ContainerInherit, ObjectInherit","None"
"C:\Temp\WizTree\locale\no","BUILTIN\Users","ReadAndExecute, Synchronize","Allow","True","ContainerInherit, ObjectInherit","None"
"C:\Temp\WizTree\locale\no","NT AUTHORITY\Authenticated Users","Modify, Synchronize","Allow","True","None","None"
"C:\Temp\WizTree\locale\no","NT AUTHORITY\Authenticated Users","-536805376","Allow","True","ContainerInherit, ObjectInherit","InheritOnly"
"C:\Temp\WizTree\locale\pl","BUILTIN\Administrators","FullControl","Allow","True","ContainerInherit, ObjectInherit","None"
"C:\Temp\WizTree\locale\pl","NT AUTHORITY\SYSTEM","FullControl","Allow","True","ContainerInherit, ObjectInherit","None"
"C:\Temp\WizTree\locale\pl","BUILTIN\Users","ReadAndExecute, Synchronize","Allow","True","ContainerInherit, ObjectInherit","None"
"C:\Temp\WizTree\locale\pl","NT AUTHORITY\Authenticated Users","Modify, Synchronize","Allow","True","None","None"
"C:\Temp\WizTree\locale\pl","NT AUTHORITY\Authenticated Users","-536805376","Allow","True","ContainerInherit, ObjectInherit","InheritOnly"
"C:\Temp\WizTree\locale\pt_BR","BUILTIN\Administrators","FullControl","Allow","True","ContainerInherit, ObjectInherit","None"
"C:\Temp\WizTree\locale\pt_BR","NT AUTHORITY\SYSTEM","FullControl","Allow","True","ContainerInherit, ObjectInherit","None"
"C:\Temp\WizTree\locale\pt_BR","BUILTIN\Users","ReadAndExecute, Synchronize","Allow","True","ContainerInherit, ObjectInherit","None"
"C:\Temp\WizTree\locale\pt_BR","NT AUTHORITY\Authenticated Users","Modify, Synchronize","Allow","True","None","None"
"C:\Temp\WizTree\locale\pt_BR","NT AUTHORITY\Authenticated Users","-536805376","Allow","True","ContainerInherit, ObjectInherit","InheritOnly"
"C:\Temp\WizTree\locale\ru","BUILTIN\Administrators","FullControl","Allow","True","ContainerInherit, ObjectInherit","None"
"C:\Temp\WizTree\locale\ru","NT AUTHORITY\SYSTEM","FullControl","Allow","True","ContainerInherit, ObjectInherit","None"
"C:\Temp\WizTree\locale\ru","BUILTIN\Users","ReadAndExecute, Synchronize","Allow","True","ContainerInherit, ObjectInherit","None"
"C:\Temp\WizTree\locale\ru","NT AUTHORITY\Authenticated Users","Modify, Synchronize","Allow","True","None","None"
"C:\Temp\WizTree\locale\ru","NT AUTHORITY\Authenticated Users","-536805376","Allow","True","ContainerInherit, ObjectInherit","InheritOnly"
"C:\Temp\WizTree\locale\sk","BUILTIN\Administrators","FullControl","Allow","True","ContainerInherit, ObjectInherit","None"
"C:\Temp\WizTree\locale\sk","NT AUTHORITY\SYSTEM","FullControl","Allow","True","ContainerInherit, ObjectInherit","None"
"C:\Temp\WizTree\locale\sk","BUILTIN\Users","ReadAndExecute, Synchronize","Allow","True","ContainerInherit, ObjectInherit","None"
"C:\Temp\WizTree\locale\sk","NT AUTHORITY\Authenticated Users","Modify, Synchronize","Allow","True","None","None"
"C:\Temp\WizTree\locale\sk","NT AUTHORITY\Authenticated Users","-536805376","Allow","True","ContainerInherit, ObjectInherit","InheritOnly"
"C:\Temp\WizTree\locale\sl","BUILTIN\Administrators","FullControl","Allow","True","ContainerInherit, ObjectInherit","None"
"C:\Temp\WizTree\locale\sl","NT AUTHORITY\SYSTEM","FullControl","Allow","True","ContainerInherit, ObjectInherit","None"
"C:\Temp\WizTree\locale\sl","BUILTIN\Users","ReadAndExecute, Synchronize","Allow","True","ContainerInherit, ObjectInherit","None"
"C:\Temp\WizTree\locale\sl","NT AUTHORITY\Authenticated Users","Modify, Synchronize","Allow","True","None","None"
"C:\Temp\WizTree\locale\sl","NT AUTHORITY\Authenticated Users","-536805376","Allow","True","ContainerInherit, ObjectInherit","InheritOnly"
"C:\Temp\WizTree\locale\sr","BUILTIN\Administrators","FullControl","Allow","True","ContainerInherit, ObjectInherit","None"
"C:\Temp\WizTree\locale\sr","NT AUTHORITY\SYSTEM","FullControl","Allow","True","ContainerInherit, ObjectInherit","None"
"C:\Temp\WizTree\locale\sr","BUILTIN\Users","ReadAndExecute, Synchronize","Allow","True","ContainerInherit, ObjectInherit","None"
"C:\Temp\WizTree\locale\sr","NT AUTHORITY\Authenticated Users","Modify, Synchronize","Allow","True","None","None"
"C:\Temp\WizTree\locale\sr","NT AUTHORITY\Authenticated Users","-536805376","Allow","True","ContainerInherit, ObjectInherit","InheritOnly"
"C:\Temp\WizTree\locale\sv","BUILTIN\Administrators","FullControl","Allow","True","ContainerInherit, ObjectInherit","None"
"C:\Temp\WizTree\locale\sv","NT AUTHORITY\SYSTEM","FullControl","Allow","True","ContainerInherit, ObjectInherit","None"
"C:\Temp\WizTree\locale\sv","BUILTIN\Users","ReadAndExecute, Synchronize","Allow","True","ContainerInherit, ObjectInherit","None"
"C:\Temp\WizTree\locale\sv","NT AUTHORITY\Authenticated Users","Modify, Synchronize","Allow","True","None","None"
"C:\Temp\WizTree\locale\sv","NT AUTHORITY\Authenticated Users","-536805376","Allow","True","ContainerInherit, ObjectInherit","InheritOnly"
"C:\Temp\WizTree\locale\tr","BUILTIN\Administrators","FullControl","Allow","True","ContainerInherit, ObjectInherit","None"
"C:\Temp\WizTree\locale\tr","NT AUTHORITY\SYSTEM","FullControl","Allow","True","ContainerInherit, ObjectInherit","None"
"C:\Temp\WizTree\locale\tr","BUILTIN\Users","ReadAndExecute, Synchronize","Allow","True","ContainerInherit, ObjectInherit","None"
"C:\Temp\WizTree\locale\tr","NT AUTHORITY\Authenticated Users","Modify, Synchronize","Allow","True","None","None"
"C:\Temp\WizTree\locale\tr","NT AUTHORITY\Authenticated Users","-536805376","Allow","True","ContainerInherit, ObjectInherit","InheritOnly"
"C:\Temp\WizTree\locale\uk","BUILTIN\Administrators","FullControl","Allow","True","ContainerInherit, ObjectInherit","None"
"C:\Temp\WizTree\locale\uk","NT AUTHORITY\SYSTEM","FullControl","Allow","True","ContainerInherit, ObjectInherit","None"
"C:\Temp\WizTree\locale\uk","BUILTIN\Users","ReadAndExecute, Synchronize","Allow","True","ContainerInherit, ObjectInherit","None"
"C:\Temp\WizTree\locale\uk","NT AUTHORITY\Authenticated Users","Modify, Synchronize","Allow","True","None","None"
"C:\Temp\WizTree\locale\uk","NT AUTHORITY\Authenticated Users","-536805376","Allow","True","ContainerInherit, ObjectInherit","InheritOnly"
"C:\Temp\WizTree\locale\zh_CHS","BUILTIN\Administrators","FullControl","Allow","True","ContainerInherit, ObjectInherit","None"
"C:\Temp\WizTree\locale\zh_CHS","NT AUTHORITY\SYSTEM","FullControl","Allow","True","ContainerInherit, ObjectInherit","None"
"C:\Temp\WizTree\locale\zh_CHS","BUILTIN\Users","ReadAndExecute, Synchronize","Allow","True","ContainerInherit, ObjectInherit","None"
"C:\Temp\WizTree\locale\zh_CHS","NT AUTHORITY\Authenticated Users","Modify, Synchronize","Allow","True","None","None"
"C:\Temp\WizTree\locale\zh_CHS","NT AUTHORITY\Authenticated Users","-536805376","Allow","True","ContainerInherit, ObjectInherit","InheritOnly"
"C:\Temp\WizTree\locale\zh_CHT","BUILTIN\Administrators","FullControl","Allow","True","ContainerInherit, ObjectInherit","None"
"C:\Temp\WizTree\locale\zh_CHT","NT AUTHORITY\SYSTEM","FullControl","Allow","True","ContainerInherit, ObjectInherit","None"
"C:\Temp\WizTree\locale\zh_CHT","BUILTIN\Users","ReadAndExecute, Synchronize","Allow","True","ContainerInherit, ObjectInherit","None"
"C:\Temp\WizTree\locale\zh_CHT","NT AUTHORITY\Authenticated Users","Modify, Synchronize","Allow","True","None","None"
"C:\Temp\WizTree\locale\zh_CHT","NT AUTHORITY\Authenticated Users","-536805376","Allow","True","ContainerInherit, ObjectInherit","InheritOnly"
"C:\Temp\WizTree\locale\bg\LC_MESSAGES","BUILTIN\Administrators","FullControl","Allow","True","ContainerInherit, ObjectInherit","None"
"C:\Temp\WizTree\locale\bg\LC_MESSAGES","NT AUTHORITY\SYSTEM","FullControl","Allow","True","ContainerInherit, ObjectInherit","None"
"C:\Temp\WizTree\locale\bg\LC_MESSAGES","BUILTIN\Users","ReadAndExecute, Synchronize","Allow","True","ContainerInherit, ObjectInherit","None"
"C:\Temp\WizTree\locale\bg\LC_MESSAGES","NT AUTHORITY\Authenticated Users","Modify, Synchronize","Allow","True","None","None"
"C:\Temp\WizTree\locale\bg\LC_MESSAGES","NT AUTHORITY\Authenticated Users","-536805376","Allow","True","ContainerInherit, ObjectInherit","InheritOnly"
"C:\Temp\WizTree\locale\cs\LC_MESSAGES","BUILTIN\Administrators","FullControl","Allow","True","ContainerInherit, ObjectInherit","None"
"C:\Temp\WizTree\locale\cs\LC_MESSAGES","NT AUTHORITY\SYSTEM","FullControl","Allow","True","ContainerInherit, ObjectInherit","None"
"C:\Temp\WizTree\locale\cs\LC_MESSAGES","BUILTIN\Users","ReadAndExecute, Synchronize","Allow","True","ContainerInherit, ObjectInherit","None"
"C:\Temp\WizTree\locale\cs\LC_MESSAGES","NT AUTHORITY\Authenticated Users","Modify, Synchronize","Allow","True","None","None"
"C:\Temp\WizTree\locale\cs\LC_MESSAGES","NT AUTHORITY\Authenticated Users","-536805376","Allow","True","ContainerInherit, ObjectInherit","InheritOnly"
"C:\Temp\WizTree\locale\da\LC_MESSAGES","BUILTIN\Administrators","FullControl","Allow","True","ContainerInherit, ObjectInherit","None"
"C:\Temp\WizTree\locale\da\LC_MESSAGES","NT AUTHORITY\SYSTEM","FullControl","Allow","True","ContainerInherit, ObjectInherit","None"
"C:\Temp\WizTree\locale\da\LC_MESSAGES","BUILTIN\Users","ReadAndExecute, Synchronize","Allow","True","ContainerInherit, ObjectInherit","None"
"C:\Temp\WizTree\locale\da\LC_MESSAGES","NT AUTHORITY\Authenticated Users","Modify, Synchronize","Allow","True","None","None"
"C:\Temp\WizTree\locale\da\LC_MESSAGES","NT AUTHORITY\Authenticated Users","-536805376","Allow","True","ContainerInherit, ObjectInherit","InheritOnly"
"C:\Temp\WizTree\locale\de\LC_MESSAGES","BUILTIN\Administrators","FullControl","Allow","True","ContainerInherit, ObjectInherit","None"
"C:\Temp\WizTree\locale\de\LC_MESSAGES","NT AUTHORITY\SYSTEM","FullControl","Allow","True","ContainerInherit, ObjectInherit","None"
"C:\Temp\WizTree\locale\de\LC_MESSAGES","BUILTIN\Users","ReadAndExecute, Synchronize","Allow","True","ContainerInherit, ObjectInherit","None"
"C:\Temp\WizTree\locale\de\LC_MESSAGES","NT AUTHORITY\Authenticated Users","Modify, Synchronize","Allow","True","None","None"
"C:\Temp\WizTree\locale\de\LC_MESSAGES","NT AUTHORITY\Authenticated Users","-536805376","Allow","True","ContainerInherit, ObjectInherit","InheritOnly"
"C:\Temp\WizTree\locale\el\LC_MESSAGES","BUILTIN\Administrators","FullControl","Allow","True","ContainerInherit, ObjectInherit","None"
"C:\Temp\WizTree\locale\el\LC_MESSAGES","NT AUTHORITY\SYSTEM","FullControl","Allow","True","ContainerInherit, ObjectInherit","None"
"C:\Temp\WizTree\locale\el\LC_MESSAGES","BUILTIN\Users","ReadAndExecute, Synchronize","Allow","True","ContainerInherit, ObjectInherit","None"
"C:\Temp\WizTree\locale\el\LC_MESSAGES","NT AUTHORITY\Authenticated Users","Modify, Synchronize","Allow","True","None","None"
"C:\Temp\WizTree\locale\el\LC_MESSAGES","NT AUTHORITY\Authenticated Users","-536805376","Allow","True","ContainerInherit, ObjectInherit","InheritOnly"
"C:\Temp\WizTree\locale\en\LC_MESSAGES","BUILTIN\Administrators","FullControl","Allow","True","ContainerInherit, ObjectInherit","None"
"C:\Temp\WizTree\locale\en\LC_MESSAGES","NT AUTHORITY\SYSTEM","FullControl","Allow","True","ContainerInherit, ObjectInherit","None"
"C:\Temp\WizTree\locale\en\LC_MESSAGES","BUILTIN\Users","ReadAndExecute, Synchronize","Allow","True","ContainerInherit, ObjectInherit","None"
"C:\Temp\WizTree\locale\en\LC_MESSAGES","NT AUTHORITY\Authenticated Users","Modify, Synchronize","Allow","True","None","None"
"C:\Temp\WizTree\locale\en\LC_MESSAGES","NT AUTHORITY\Authenticated Users","-536805376","Allow","True","ContainerInherit, ObjectInherit","InheritOnly"
"C:\Temp\WizTree\locale\es\LC_MESSAGES","BUILTIN\Administrators","FullControl","Allow","True","ContainerInherit, ObjectInherit","None"
"C:\Temp\WizTree\locale\es\LC_MESSAGES","NT AUTHORITY\SYSTEM","FullControl","Allow","True","ContainerInherit, ObjectInherit","None"
"C:\Temp\WizTree\locale\es\LC_MESSAGES","BUILTIN\Users","ReadAndExecute, Synchronize","Allow","True","ContainerInherit, ObjectInherit","None"
"C:\Temp\WizTree\locale\es\LC_MESSAGES","NT AUTHORITY\Authenticated Users","Modify, Synchronize","Allow","True","None","None"
"C:\Temp\WizTree\locale\es\LC_MESSAGES","NT AUTHORITY\Authenticated Users","-536805376","Allow","True","ContainerInherit, ObjectInherit","InheritOnly"
"C:\Temp\WizTree\locale\fi\LC_MESSAGES","BUILTIN\Administrators","FullControl","Allow","True","ContainerInherit, ObjectInherit","None"
"C:\Temp\WizTree\locale\fi\LC_MESSAGES","NT AUTHORITY\SYSTEM","FullControl","Allow","True","ContainerInherit, ObjectInherit","None"
"C:\Temp\WizTree\locale\fi\LC_MESSAGES","BUILTIN\Users","ReadAndExecute, Synchronize","Allow","True","ContainerInherit, ObjectInherit","None"
"C:\Temp\WizTree\locale\fi\LC_MESSAGES","NT AUTHORITY\Authenticated Users","Modify, Synchronize","Allow","True","None","None"
"C:\Temp\WizTree\locale\fi\LC_MESSAGES","NT AUTHORITY\Authenticated Users","-536805376","Allow","True","ContainerInherit, ObjectInherit","InheritOnly"
"C:\Temp\WizTree\locale\fr\LC_MESSAGES","BUILTIN\Administrators","FullControl","Allow","True","ContainerInherit, ObjectInherit","None"
"C:\Temp\WizTree\locale\fr\LC_MESSAGES","NT AUTHORITY\SYSTEM","FullControl","Allow","True","ContainerInherit, ObjectInherit","None"
"C:\Temp\WizTree\locale\fr\LC_MESSAGES","BUILTIN\Users","ReadAndExecute, Synchronize","Allow","True","ContainerInherit, ObjectInherit","None"
"C:\Temp\WizTree\locale\fr\LC_MESSAGES","NT AUTHORITY\Authenticated Users","Modify, Synchronize","Allow","True","None","None"
"C:\Temp\WizTree\locale\fr\LC_MESSAGES","NT AUTHORITY\Authenticated Users","-536805376","Allow","True","ContainerInherit, ObjectInherit","InheritOnly"
"C:\Temp\WizTree\locale\hu\LC_MESSAGES","BUILTIN\Administrators","FullControl","Allow","True","ContainerInherit, ObjectInherit","None"
"C:\Temp\WizTree\locale\hu\LC_MESSAGES","NT AUTHORITY\SYSTEM","FullControl","Allow","True","ContainerInherit, ObjectInherit","None"
"C:\Temp\WizTree\locale\hu\LC_MESSAGES","BUILTIN\Users","ReadAndExecute, Synchronize","Allow","True","ContainerInherit, ObjectInherit","None"
"C:\Temp\WizTree\locale\hu\LC_MESSAGES","NT AUTHORITY\Authenticated Users","Modify, Synchronize","Allow","True","None","None"
"C:\Temp\WizTree\locale\hu\LC_MESSAGES","NT AUTHORITY\Authenticated Users","-536805376","Allow","True","ContainerInherit, ObjectInherit","InheritOnly"
"C:\Temp\WizTree\locale\id\LC_MESSAGES","BUILTIN\Administrators","FullControl","Allow","True","ContainerInherit, ObjectInherit","None"
"C:\Temp\WizTree\locale\id\LC_MESSAGES","NT AUTHORITY\SYSTEM","FullControl","Allow","True","ContainerInherit, ObjectInherit","None"
"C:\Temp\WizTree\locale\id\LC_MESSAGES","BUILTIN\Users","ReadAndExecute, Synchronize","Allow","True","ContainerInherit, ObjectInherit","None"
"C:\Temp\WizTree\locale\id\LC_MESSAGES","NT AUTHORITY\Authenticated Users","Modify, Synchronize","Allow","True","None","None"
"C:\Temp\WizTree\locale\id\LC_MESSAGES","NT AUTHORITY\Authenticated Users","-536805376","Allow","True","ContainerInherit, ObjectInherit","InheritOnly"
"C:\Temp\WizTree\locale\it\LC_MESSAGES","BUILTIN\Administrators","FullControl","Allow","True","ContainerInherit, ObjectInherit","None"
"C:\Temp\WizTree\locale\it\LC_MESSAGES","NT AUTHORITY\SYSTEM","FullControl","Allow","True","ContainerInherit, ObjectInherit","None"
"C:\Temp\WizTree\locale\it\LC_MESSAGES","BUILTIN\Users","ReadAndExecute, Synchronize","Allow","True","ContainerInherit, ObjectInherit","None"
"C:\Temp\WizTree\locale\it\LC_MESSAGES","NT AUTHORITY\Authenticated Users","Modify, Synchronize","Allow","True","None","None"
"C:\Temp\WizTree\locale\it\LC_MESSAGES","NT AUTHORITY\Authenticated Users","-536805376","Allow","True","ContainerInherit, ObjectInherit","InheritOnly"
"C:\Temp\WizTree\locale\ja\LC_MESSAGES","BUILTIN\Administrators","FullControl","Allow","True","ContainerInherit, ObjectInherit","None"
"C:\Temp\WizTree\locale\ja\LC_MESSAGES","NT AUTHORITY\SYSTEM","FullControl","Allow","True","ContainerInherit, ObjectInherit","None"
"C:\Temp\WizTree\locale\ja\LC_MESSAGES","BUILTIN\Users","ReadAndExecute, Synchronize","Allow","True","ContainerInherit, ObjectInherit","None"
"C:\Temp\WizTree\locale\ja\LC_MESSAGES","NT AUTHORITY\Authenticated Users","Modify, Synchronize","Allow","True","None","None"
"C:\Temp\WizTree\locale\ja\LC_MESSAGES","NT AUTHORITY\Authenticated Users","-536805376","Allow","True","ContainerInherit, ObjectInherit","InheritOnly"
"C:\Temp\WizTree\locale\ko\LC_MESSAGES","BUILTIN\Administrators","FullControl","Allow","True","ContainerInherit, ObjectInherit","None"
"C:\Temp\WizTree\locale\ko\LC_MESSAGES","NT AUTHORITY\SYSTEM","FullControl","Allow","True","ContainerInherit, ObjectInherit","None"
"C:\Temp\WizTree\locale\ko\LC_MESSAGES","BUILTIN\Users","ReadAndExecute, Synchronize","Allow","True","ContainerInherit, ObjectInherit","None"
"C:\Temp\WizTree\locale\ko\LC_MESSAGES","NT AUTHORITY\Authenticated Users","Modify, Synchronize","Allow","True","None","None"
"C:\Temp\WizTree\locale\ko\LC_MESSAGES","NT AUTHORITY\Authenticated Users","-536805376","Allow","True","ContainerInherit, ObjectInherit","InheritOnly"
"C:\Temp\WizTree\locale\nl\LC_MESSAGES","BUILTIN\Administrators","FullControl","Allow","True","ContainerInherit, ObjectInherit","None"
"C:\Temp\WizTree\locale\nl\LC_MESSAGES","NT AUTHORITY\SYSTEM","FullControl","Allow","True","ContainerInherit, ObjectInherit","None"
"C:\Temp\WizTree\locale\nl\LC_MESSAGES","BUILTIN\Users","ReadAndExecute, Synchronize","Allow","True","ContainerInherit, ObjectInherit","None"
"C:\Temp\WizTree\locale\nl\LC_MESSAGES","NT AUTHORITY\Authenticated Users","Modify, Synchronize","Allow","True","None","None"
"C:\Temp\WizTree\locale\nl\LC_MESSAGES","NT AUTHORITY\Authenticated Users","-536805376","Allow","True","ContainerInherit, ObjectInherit","InheritOnly"
"C:\Temp\WizTree\locale\no\LC_MESSAGES","BUILTIN\Administrators","FullControl","Allow","True","ContainerInherit, ObjectInherit","None"
"C:\Temp\WizTree\locale\no\LC_MESSAGES","NT AUTHORITY\SYSTEM","FullControl","Allow","True","ContainerInherit, ObjectInherit","None"
"C:\Temp\WizTree\locale\no\LC_MESSAGES","BUILTIN\Users","ReadAndExecute, Synchronize","Allow","True","ContainerInherit, ObjectInherit","None"
"C:\Temp\WizTree\locale\no\LC_MESSAGES","NT AUTHORITY\Authenticated Users","Modify, Synchronize","Allow","True","None","None"
"C:\Temp\WizTree\locale\no\LC_MESSAGES","NT AUTHORITY\Authenticated Users","-536805376","Allow","True","ContainerInherit, ObjectInherit","InheritOnly"
"C:\Temp\WizTree\locale\pl\LC_MESSAGES","BUILTIN\Administrators","FullControl","Allow","True","ContainerInherit, ObjectInherit","None"
"C:\Temp\WizTree\locale\pl\LC_MESSAGES","NT AUTHORITY\SYSTEM","FullControl","Allow","True","ContainerInherit, ObjectInherit","None"
"C:\Temp\WizTree\locale\pl\LC_MESSAGES","BUILTIN\Users","ReadAndExecute, Synchronize","Allow","True","ContainerInherit, ObjectInherit","None"
"C:\Temp\WizTree\locale\pl\LC_MESSAGES","NT AUTHORITY\Authenticated Users","Modify, Synchronize","Allow","True","None","None"
"C:\Temp\WizTree\locale\pl\LC_MESSAGES","NT AUTHORITY\Authenticated Users","-536805376","Allow","True","ContainerInherit, ObjectInherit","InheritOnly"
"C:\Temp\WizTree\locale\pt_BR\LC_MESSAGES","BUILTIN\Administrators","FullControl","Allow","True","ContainerInherit, ObjectInherit","None"
"C:\Temp\WizTree\locale\pt_BR\LC_MESSAGES","NT AUTHORITY\SYSTEM","FullControl","Allow","True","ContainerInherit, ObjectInherit","None"
"C:\Temp\WizTree\locale\pt_BR\LC_MESSAGES","BUILTIN\Users","ReadAndExecute, Synchronize","Allow","True","ContainerInherit, ObjectInherit","None"
"C:\Temp\WizTree\locale\pt_BR\LC_MESSAGES","NT AUTHORITY\Authenticated Users","Modify, Synchronize","Allow","True","None","None"
"C:\Temp\WizTree\locale\pt_BR\LC_MESSAGES","NT AUTHORITY\Authenticated Users","-536805376","Allow","True","ContainerInherit, ObjectInherit","InheritOnly"
"C:\Temp\WizTree\locale\ru\LC_MESSAGES","BUILTIN\Administrators","FullControl","Allow","True","ContainerInherit, ObjectInherit","None"
"C:\Temp\WizTree\locale\ru\LC_MESSAGES","NT AUTHORITY\SYSTEM","FullControl","Allow","True","ContainerInherit, ObjectInherit","None"
"C:\Temp\WizTree\locale\ru\LC_MESSAGES","BUILTIN\Users","ReadAndExecute, Synchronize","Allow","True","ContainerInherit, ObjectInherit","None"
"C:\Temp\WizTree\locale\ru\LC_MESSAGES","NT AUTHORITY\Authenticated Users","Modify, Synchronize","Allow","True","None","None"
"C:\Temp\WizTree\locale\ru\LC_MESSAGES","NT AUTHORITY\Authenticated Users","-536805376","Allow","True","ContainerInherit, ObjectInherit","InheritOnly"
"C:\Temp\WizTree\locale\sk\LC_MESSAGES","BUILTIN\Administrators","FullControl","Allow","True","ContainerInherit, ObjectInherit","None"
"C:\Temp\WizTree\locale\sk\LC_MESSAGES","NT AUTHORITY\SYSTEM","FullControl","Allow","True","ContainerInherit, ObjectInherit","None"
"C:\Temp\WizTree\locale\sk\LC_MESSAGES","BUILTIN\Users","ReadAndExecute, Synchronize","Allow","True","ContainerInherit, ObjectInherit","None"
"C:\Temp\WizTree\locale\sk\LC_MESSAGES","NT AUTHORITY\Authenticated Users","Modify, Synchronize","Allow","True","None","None"
"C:\Temp\WizTree\locale\sk\LC_MESSAGES","NT AUTHORITY\Authenticated Users","-536805376","Allow","True","ContainerInherit, ObjectInherit","InheritOnly"
"C:\Temp\WizTree\locale\sl\LC_MESSAGES","BUILTIN\Administrators","FullControl","Allow","True","ContainerInherit, ObjectInherit","None"
"C:\Temp\WizTree\locale\sl\LC_MESSAGES","NT AUTHORITY\SYSTEM","FullControl","Allow","True","ContainerInherit, ObjectInherit","None"
"C:\Temp\WizTree\locale\sl\LC_MESSAGES","BUILTIN\Users","ReadAndExecute, Synchronize","Allow","True","ContainerInherit, ObjectInherit","None"
"C:\Temp\WizTree\locale\sl\LC_MESSAGES","NT AUTHORITY\Authenticated Users","Modify, Synchronize","Allow","True","None","None"
"C:\Temp\WizTree\locale\sl\LC_MESSAGES","NT AUTHORITY\Authenticated Users","-536805376","Allow","True","ContainerInherit, ObjectInherit","InheritOnly"
"C:\Temp\WizTree\locale\sr\LC_MESSAGES","BUILTIN\Administrators","FullControl","Allow","True","ContainerInherit, ObjectInherit","None"
"C:\Temp\WizTree\locale\sr\LC_MESSAGES","NT AUTHORITY\SYSTEM","FullControl","Allow","True","ContainerInherit, ObjectInherit","None"
"C:\Temp\WizTree\locale\sr\LC_MESSAGES","BUILTIN\Users","ReadAndExecute, Synchronize","Allow","True","ContainerInherit, ObjectInherit","None"
"C:\Temp\WizTree\locale\sr\LC_MESSAGES","NT AUTHORITY\Authenticated Users","Modify, Synchronize","Allow","True","None","None"
"C:\Temp\WizTree\locale\sr\LC_MESSAGES","NT AUTHORITY\Authenticated Users","-536805376","Allow","True","ContainerInherit, ObjectInherit","InheritOnly"
"C:\Temp\WizTree\locale\sv\LC_MESSAGES","BUILTIN\Administrators","FullControl","Allow","True","ContainerInherit, ObjectInherit","None"
"C:\Temp\WizTree\locale\sv\LC_MESSAGES","NT AUTHORITY\SYSTEM","FullControl","Allow","True","ContainerInherit, ObjectInherit","None"
"C:\Temp\WizTree\locale\sv\LC_MESSAGES","BUILTIN\Users","ReadAndExecute, Synchronize","Allow","True","ContainerInherit, ObjectInherit","None"
"C:\Temp\WizTree\locale\sv\LC_MESSAGES","NT AUTHORITY\Authenticated Users","Modify, Synchronize","Allow","True","None","None"
"C:\Temp\WizTree\locale\sv\LC_MESSAGES","NT AUTHORITY\Authenticated Users","-536805376","Allow","True","ContainerInherit, ObjectInherit","InheritOnly"
"C:\Temp\WizTree\locale\tr\LC_MESSAGES","BUILTIN\Administrators","FullControl","Allow","True","ContainerInherit, ObjectInherit","None"
"C:\Temp\WizTree\locale\tr\LC_MESSAGES","NT AUTHORITY\SYSTEM","FullControl","Allow","True","ContainerInherit, ObjectInherit","None"
"C:\Temp\WizTree\locale\tr\LC_MESSAGES","BUILTIN\Users","ReadAndExecute, Synchronize","Allow","True","ContainerInherit, ObjectInherit","None"
"C:\Temp\WizTree\locale\tr\LC_MESSAGES","NT AUTHORITY\Authenticated Users","Modify, Synchronize","Allow","True","None","None"
"C:\Temp\WizTree\locale\tr\LC_MESSAGES","NT AUTHORITY\Authenticated Users","-536805376","Allow","True","ContainerInherit, ObjectInherit","InheritOnly"
"C:\Temp\WizTree\locale\uk\LC_MESSAGES","BUILTIN\Administrators","FullControl","Allow","True","ContainerInherit, ObjectInherit","None"
"C:\Temp\WizTree\locale\uk\LC_MESSAGES","NT AUTHORITY\SYSTEM","FullControl","Allow","True","ContainerInherit, ObjectInherit","None"
"C:\Temp\WizTree\locale\uk\LC_MESSAGES","BUILTIN\Users","ReadAndExecute, Synchronize","Allow","True","ContainerInherit, ObjectInherit","None"
"C:\Temp\WizTree\locale\uk\LC_MESSAGES","NT AUTHORITY\Authenticated Users","Modify, Synchronize","Allow","True","None","None"
"C:\Temp\WizTree\locale\uk\LC_MESSAGES","NT AUTHORITY\Authenticated Users","-536805376","Allow","True","ContainerInherit, ObjectInherit","InheritOnly"
"C:\Temp\WizTree\locale\zh_CHS\LC_MESSAGES","BUILTIN\Administrators","FullControl","Allow","True","ContainerInherit, ObjectInherit","None"
"C:\Temp\WizTree\locale\zh_CHS\LC_MESSAGES","NT AUTHORITY\SYSTEM","FullControl","Allow","True","ContainerInherit, ObjectInherit","None"
"C:\Temp\WizTree\locale\zh_CHS\LC_MESSAGES","BUILTIN\Users","ReadAndExecute, Synchronize","Allow","True","ContainerInherit, ObjectInherit","None"
"C:\Temp\WizTree\locale\zh_CHS\LC_MESSAGES","NT AUTHORITY\Authenticated Users","Modify, Synchronize","Allow","True","None","None"
"C:\Temp\WizTree\locale\zh_CHS\LC_MESSAGES","NT AUTHORITY\Authenticated Users","-536805376","Allow","True","ContainerInherit, ObjectInherit","InheritOnly"
"C:\Temp\WizTree\locale\zh_CHT\LC_MESSAGES","BUILTIN\Administrators","FullControl","Allow","True","ContainerInherit, ObjectInherit","None"
"C:\Temp\WizTree\locale\zh_CHT\LC_MESSAGES","NT AUTHORITY\SYSTEM","FullControl","Allow","True","ContainerInherit, ObjectInherit","None"
"C:\Temp\WizTree\locale\zh_CHT\LC_MESSAGES","BUILTIN\Users","ReadAndExecute, Synchronize","Allow","True","ContainerInherit, ObjectInherit","None"
"C:\Temp\WizTree\locale\zh_CHT\LC_MESSAGES","NT AUTHORITY\Authenticated Users","Modify, Synchronize","Allow","True","None","None"
"C:\Temp\WizTree\locale\zh_CHT\LC_MESSAGES","NT AUTHORITY\Authenticated Users","-536805376","Allow","True","ContainerInherit, ObjectInherit","InheritOnly"
"C:\Temp","BUILTIN\Administrators","FullControl","Allow","True","ContainerInherit, ObjectInherit","None"
"C:\Temp","NT AUTHORITY\SYSTEM","FullControl","Allow","True","ContainerInherit, ObjectInherit","None"
"C:\Temp","BUILTIN\Users","ReadAndExecute, Synchronize","Allow","True","ContainerInherit, ObjectInherit","None"
"C:\Temp","NT AUTHORITY\Authenticated Users","Modify, Synchronize","Allow","True","None","None"
"C:\Temp","NT AUTHORITY\Authenticated Users","-536805376","Allow","True","ContainerInherit, ObjectInherit","InheritOnly"
